{
  "m3_m3noise": {
    "label": "M3 + M3-scale noise",
    "noise_std": 7.30882453918457,
    "noise_l2_mean": 202.8,
    "accuracies": [
      0.97,
      0.968,
      0.968,
      0.968,
      0.574,
      0.156,
      0.024
    ],
    "total_samples": 500
  },
  "m5_m5noise": {
    "label": "M5 + M5-scale noise",
    "noise_std": 0.1474458873271942,
    "noise_l2_mean": 4.09,
    "accuracies": [
      0.966,
      0.964,
      0.962,
      0.958,
      0.572,
      0.156,
      0.022
    ],
    "total_samples": 500
  },
  "m5_m3noise": {
    "label": "M5 + M3-scale noise",
    "noise_std": 7.30882453918457,
    "noise_l2_mean": 202.39,
    "accuracies": [
      0.966,
      0.966,
      0.964,
      0.964,
      0.576,
      0.158,
      0.024
    ],
    "total_samples": 500
  }
}