{
  "linear_probe_accuracy": [
    [
      0.086,
      0.08600000000000001,
      0.186,
      0.5536912751677852,
      0.0,
      0.0
    ],
    [
      0.08800000000000001,
      0.08800000000000001,
      0.16,
      0.5469798657718121,
      0.0,
      0.0
    ],
    [
      0.088,
      0.08,
      0.184,
      0.4899328859060403,
      0.0,
      0.0
    ],
    [
      0.08,
      0.072,
      0.146,
      0.4664429530201342,
      0.0,
      0.0
    ],
    [
      0.09,
      0.06000000000000001,
      0.144,
      0.4597315436241611,
      0.0,
      0.0
    ],
    [
      0.076,
      0.074,
      0.13999999999999999,
      0.42953020134228187,
      0.0,
      0.0
    ],
    [
      0.098,
      0.057999999999999996,
      0.138,
      0.3959731543624161,
      0.0,
      0.0
    ],
    [
      0.07200000000000001,
      0.06400000000000002,
      0.122,
      0.37919463087248323,
      0.0,
      0.0
    ],
    [
      0.13,
      0.06599999999999999,
      0.13,
      0.25838926174496646,
      0.0,
      0.0
    ],
    [
      0.09000000000000001,
      0.076,
      0.118,
      0.2785234899328859,
      0.0,
      0.0
    ],
    [
      0.05800000000000001,
      0.094,
      0.14,
      0.32885906040268453,
      0.0,
      0.0
    ],
    [
      0.076,
      0.09400000000000001,
      0.17400000000000002,
      0.5268456375838926,
      0.0,
      0.0
    ],
    [
      0.054000000000000006,
      0.1,
      0.19,
      0.5503355704697986,
      0.0,
      0.0
    ]
  ],
  "permutation_p_values": [
    [
      0.0014992503748125937,
      0.0009995002498750624,
      0.0004997501249375312,
      0.0004997501249375312,
      1.0,
      1.0
    ],
    [
      0.001999000499750125,
      0.0024987506246876563,
      0.0004997501249375312,
      0.0004997501249375312,
      1.0,
      1.0
    ],
    [
      0.001999000499750125,
      0.005497251374312844,
      0.0004997501249375312,
      0.0004997501249375312,
      1.0,
      1.0
    ],
    [
      0.0069965017491254375,
      0.0024987506246876563,
      0.0004997501249375312,
      0.0004997501249375312,
      1.0,
      1.0
    ],
    [
      0.0014992503748125937,
      0.017491254372813594,
      0.0004997501249375312,
      0.0004997501249375312,
      1.0,
      1.0
    ],
    [
      0.0069965017491254375,
      0.00399800099950025,
      0.0004997501249375312,
      0.0004997501249375312,
      1.0,
      1.0
    ],
    [
      0.0014992503748125937,
      0.04697651174412794,
      0.0004997501249375312,
      0.0004997501249375312,
      1.0,
      1.0
    ],
    [
      0.0034982508745627187,
      0.013493253373313344,
      0.0004997501249375312,
      0.0004997501249375312,
      1.0,
      1.0
    ],
    [
      0.0004997501249375312,
      0.01699150424787606,
      0.0004997501249375312,
      0.0004997501249375312,
      1.0,
      1.0
    ],
    [
      0.0004997501249375312,
      0.0069965017491254375,
      0.0004997501249375312,
      0.0004997501249375312,
      1.0,
      1.0
    ],
    [
      0.05747126436781609,
      0.0009995002498750624,
      0.0004997501249375312,
      0.0004997501249375312,
      1.0,
      1.0
    ],
    [
      0.0074962518740629685,
      0.0004997501249375312,
      0.0004997501249375312,
      0.0004997501249375312,
      1.0,
      1.0
    ],
    [
      0.054972513743128434,
      0.0009995002498750624,
      0.0004997501249375312,
      0.0004997501249375312,
      1.0,
      1.0
    ]
  ],
  "significant_cells": [
    [
      false,
      false,
      true,
      true,
      false,
      false
    ],
    [
      false,
      false,
      true,
      true,
      false,
      false
    ],
    [
      false,
      false,
      true,
      true,
      false,
      false
    ],
    [
      false,
      false,
      true,
      true,
      false,
      false
    ],
    [
      false,
      false,
      true,
      true,
      false,
      false
    ],
    [
      false,
      false,
      true,
      true,
      false,
      false
    ],
    [
      false,
      false,
      true,
      true,
      false,
      false
    ],
    [
      false,
      false,
      true,
      true,
      false,
      false
    ],
    [
      true,
      false,
      true,
      true,
      false,
      false
    ],
    [
      true,
      false,
      true,
      true,
      false,
      false
    ],
    [
      false,
      false,
      true,
      true,
      false,
      false
    ],
    [
      false,
      true,
      true,
      true,
      false,
      false
    ],
    [
      false,
      false,
      true,
      true,
      false,
      false
    ]
  ],
  "n_significant_cells": 29,
  "bonferroni_threshold": 0.000641025641025641,
  "n_samples_per_position": {
    "0": 500,
    "1": 500,
    "2": 500,
    "3": 298,
    "4": 81,
    "5": 12
  },
  "n_permutations": 2000,
  "peak_layer": 0,
  "peak_position": 3,
  "peak_accuracy": 0.5537
}