{
  "linear_probe_accuracy": [
    [
      0.031999999999999994,
      0.032,
      0.044000000000000004,
      0.0436241610738255,
      0.0,
      0.0
    ],
    [
      0.036,
      0.018000000000000002,
      0.05,
      0.06375838926174497,
      0.0,
      0.0
    ],
    [
      0.057999999999999996,
      0.030000000000000006,
      0.044000000000000004,
      0.050335570469798654,
      0.0,
      0.0
    ],
    [
      0.049999999999999996,
      0.03,
      0.042,
      0.0738255033557047,
      0.0,
      0.0
    ],
    [
      0.052000000000000005,
      0.036000000000000004,
      0.044,
      0.08389261744966443,
      0.0,
      0.0
    ],
    [
      0.06799999999999999,
      0.030000000000000006,
      0.05800000000000001,
      0.11409395973154363,
      0.0,
      0.0
    ],
    [
      0.07400000000000001,
      0.05800000000000001,
      0.046000000000000006,
      0.08389261744966442,
      0.0,
      0.0
    ],
    [
      0.10400000000000001,
      0.04,
      0.034,
      0.04697986577181208,
      0.0,
      0.0
    ],
    [
      0.236,
      0.054000000000000006,
      0.038,
      0.026845637583892617,
      0.0,
      0.0
    ],
    [
      0.14600000000000002,
      0.092,
      0.06799999999999999,
      0.030201342281879193,
      0.0,
      0.0
    ],
    [
      0.11000000000000001,
      0.09,
      0.06599999999999999,
      0.04697986577181208,
      0.0,
      0.0
    ],
    [
      0.09999999999999999,
      0.10400000000000001,
      0.21600000000000003,
      0.5302013422818792,
      0.0,
      0.0
    ],
    [
      0.10200000000000001,
      0.078,
      0.21999999999999997,
      0.5704697986577181,
      0.0,
      0.0
    ]
  ],
  "permutation_p_values": [
    [
      0.2463768115942029,
      0.27636181909045476,
      0.11544227886056972,
      0.19790104947526238,
      1.0,
      1.0
    ],
    [
      0.27786106946526734,
      0.7331334332833583,
      0.11494252873563218,
      0.053973013493253376,
      1.0,
      1.0
    ],
    [
      0.05347326336831584,
      0.26036981509245377,
      0.11394302848575712,
      0.059470264867566215,
      1.0,
      1.0
    ],
    [
      0.12893553223388307,
      0.4847576211894053,
      0.12543728135932034,
      0.020989505247376312,
      1.0,
      1.0
    ],
    [
      0.05547226386806597,
      0.2543728135932034,
      0.13193403298350825,
      0.0029985007496251873,
      1.0,
      1.0
    ],
    [
      0.019490254872563718,
      0.27636181909045476,
      0.054972513743128434,
      0.0009995002498750624,
      1.0,
      1.0
    ],
    [
      0.004497751124437781,
      0.04597701149425287,
      0.11594202898550725,
      0.00399800099950025,
      1.0,
      1.0
    ],
    [
      0.0004997501249375312,
      0.25837081459270367,
      0.26936531734132935,
      0.21039480259870064,
      1.0,
      1.0
    ],
    [
      0.0004997501249375312,
      0.05247376311844078,
      0.2608695652173913,
      0.45827086456771615,
      1.0,
      1.0
    ],
    [
      0.0004997501249375312,
      0.0004997501249375312,
      0.013993003498250875,
      0.46926536731634183,
      1.0,
      1.0
    ],
    [
      0.0004997501249375312,
      0.0009995002498750624,
      0.01649175412293853,
      0.18140929535232383,
      1.0,
      1.0
    ],
    [
      0.0009995002498750624,
      0.0004997501249375312,
      0.0004997501249375312,
      0.0004997501249375312,
      1.0,
      1.0
    ],
    [
      0.0004997501249375312,
      0.0029985007496251873,
      0.0004997501249375312,
      0.0004997501249375312,
      1.0,
      1.0
    ]
  ],
  "significant_cells": [
    [
      false,
      false,
      false,
      false,
      false,
      false
    ],
    [
      false,
      false,
      false,
      false,
      false,
      false
    ],
    [
      false,
      false,
      false,
      false,
      false,
      false
    ],
    [
      false,
      false,
      false,
      false,
      false,
      false
    ],
    [
      false,
      false,
      false,
      false,
      false,
      false
    ],
    [
      false,
      false,
      false,
      false,
      false,
      false
    ],
    [
      false,
      false,
      false,
      false,
      false,
      false
    ],
    [
      true,
      false,
      false,
      false,
      false,
      false
    ],
    [
      true,
      false,
      false,
      false,
      false,
      false
    ],
    [
      true,
      true,
      false,
      false,
      false,
      false
    ],
    [
      true,
      false,
      false,
      false,
      false,
      false
    ],
    [
      false,
      true,
      true,
      true,
      false,
      false
    ],
    [
      true,
      false,
      true,
      true,
      false,
      false
    ]
  ],
  "n_significant_cells": 11,
  "bonferroni_threshold": 0.000641025641025641,
  "n_samples_per_position": {
    "0": 500,
    "1": 500,
    "2": 500,
    "3": 298,
    "4": 81,
    "5": 12
  },
  "n_permutations": 2000,
  "peak_layer": 12,
  "peak_position": 3,
  "peak_accuracy": 0.5705
}