{
  "baseline_1000": {
    "n": 10,
    "seeds": [
      "1001",
      "123",
      "1234",
      "2345",
      "3456",
      "42",
      "456",
      "4567",
      "5678",
      "789"
    ],
    "values": [
      2.4474293594608914,
      2.4376307286267656,
      2.4457369399639597,
      2.4374384897283634,
      2.443798572486456,
      2.444583049586254,
      2.4389797352237905,
      2.459757701481771,
      2.4556959777262026,
      2.4550479620864185
    ],
    "mean": 2.446609851637087,
    "std": 0.007909399060294602,
    "best_ever": [
      2.4394343692378095,
      2.4320037797703167,
      2.433160594138032,
      2.4369671115334364,
      2.4346450203690964,
      2.444583049586254,
      2.4389797352237905,
      2.459757701481771,
      2.4521468123421224,
      2.4496193456521764
    ]
  },
  "baseline_1000_continued": {
    "n": 5,
    "seeds": [
      "42",
      "123",
      "456",
      "789",
      "1001"
    ],
    "values": [
      2.465041120732526,
      2.48056323000717,
      2.453749818933921,
      2.449038756001639,
      2.4786464410111577
    ],
    "mean": 2.4654078733374687,
    "std": 0.014241519387456372,
    "warmstart_from": "baseline_1000",
    "description": "Control: continued vanilla baseline training for 1000 steps from baseline_1000 checkpoint"
  },
  "baseline_2000": {
    "n": 6,
    "seeds": [
      "123",
      "3456",
      "42",
      "456",
      "4567",
      "5678"
    ],
    "values": [
      2.4723224150256655,
      2.456985391245487,
      2.4570428435101896,
      2.436096612407928,
      2.471428186340633,
      2.475488269738162
    ],
    "mean": 2.461560619711344,
    "std": 0.014811638870207871,
    "best_ever": [
      2.4359180529649715,
      2.435673776777091,
      2.43237891108186,
      2.416654602590955,
      2.4343943387113574,
      2.4352175733578463
    ]
  },
  "baseline_6000": {
    "n": 5,
    "seeds": [
      "1001",
      "123",
      "42",
      "456",
      "789"
    ],
    "values": [
      3.0113008158355044,
      3.1322900074257563,
      3.106161058686363,
      3.07744174325174,
      3.0377989115625623
    ],
    "mean": 3.072998507352385,
    "std": 0.04919500945082158,
    "best_ever": [
      2.389640505145951,
      2.403569039955273,
      2.4341688164114,
      2.396510706228431,
      2.353925466777255
    ]
  },
  "baseline_2000_dropout": {
    "n": 5,
    "seeds": [
      "1001",
      "123",
      "42",
      "456",
      "789"
    ],
    "values": [
      2.462781665476874,
      2.452033406257479,
      2.457257719520624,
      2.4297802161318045,
      2.4367398272990197
    ],
    "mean": 2.4477185669371604,
    "std": 0.01395373929853564,
    "best_ever": [
      2.428905082238376,
      2.4378176941334613,
      2.43642050983972,
      2.4297802161318045,
      2.4211261621271505
    ]
  },
  "coconut_warmstart": {
    "n": 10,
    "seeds": [
      "1001",
      "123",
      "1234",
      "2345",
      "3456",
      "42",
      "456",
      "4567",
      "5678",
      "789"
    ],
    "values": [
      2.3297727150438075,
      2.3178394549900005,
      2.3054777609072032,
      2.304629670838306,
      2.3757954487478465,
      2.3530169053878223,
      2.3188413331349507,
      2.302261251750152,
      2.35253505228972,
      2.343734728060406
    ],
    "mean": 2.3303904321150215,
    "std": 0.024964032682241174,
    "best_ever": [
      2.3297727150438075,
      2.3102449782586287,
      2.3054777609072032,
      2.293543010991644,
      2.3638280153850775,
      2.3530169053878223,
      2.3188413331349507,
      2.302261251750152,
      2.343395226771498,
      2.343734728060406
    ]
  },
  "full_abc_warmstart": {
    "n": 10,
    "seeds": [
      "1001",
      "123",
      "1234",
      "2345",
      "3456",
      "42",
      "456",
      "4567",
      "5678",
      "789"
    ],
    "values": [
      2.282197261344446,
      2.2902017030422783,
      2.278383591593943,
      2.274681345094768,
      2.278889209348534,
      2.2907569988324576,
      2.264228229146166,
      2.275245615184206,
      2.2925923977725327,
      2.272467456130859
    ],
    "mean": 2.279964380749019,
    "std": 0.009088444376129094,
    "best_ever": [
      2.282197261344446,
      2.2813214552705134,
      2.2727540044428176,
      2.2744905700824867,
      2.278889209348534,
      2.285479844105734,
      2.264228229146166,
      2.2739545809465325,
      2.2925923977725327,
      2.272467456130859
    ]
  }
}