{
  "paired_tests": {
    "latent_vs_baseline": {
      "t": -14.58542396188609,
      "p": 1.43866800403659e-07,
      "d": -4.612316035875695,
      "df": 9
    },
    "full_abc_vs_baseline": {
      "t": -45.53095926229351,
      "p": 5.948574672041415e-12,
      "d": -14.39815353211873,
      "df": 9
    },
    "synergy": {
      "t": -6.846570370555821,
      "p": 7.502144407500633e-05,
      "d": -2.165075653157942,
      "df": 9
    }
  },
  "welch_tests": {
    "baseline_6000_vs_baseline_1000": {
      "t": 28.289110530119018,
      "p": 7.3519911885484e-06,
      "d": 22.314582372281127,
      "df": 4.103759774316936
    },
    "baseline_2000_vs_baseline_1000": {
      "t": 2.2847587027986416,
      "p": 0.05761389300571436,
      "d": 1.373029740014633,
      "df": 6.747559699040625
    },
    "baseline_dropout_vs_baseline_1000": {
      "t": 0.1649165130310848,
      "p": 0.8750865640929479,
      "d": 0.10912869720608041,
      "df": 5.327311604678677
    }
  },
  "changes": {
    "baseline_2000_significance": "Changed from significant (p=0.019) to non-significant (p>0.05)"
  }
}