{
  "linear_probe_accuracy": [
    [
      0.031999999999999994,
      0.032,
      0.044000000000000004,
      0.0436241610738255,
      0.0,
      0.0
    ],
    [
      0.036,
      0.018000000000000002,
      0.05,
      0.06375838926174497,
      0.0,
      0.0
    ],
    [
      0.057999999999999996,
      0.030000000000000006,
      0.044000000000000004,
      0.050335570469798654,
      0.0,
      0.0
    ],
    [
      0.049999999999999996,
      0.03,
      0.042,
      0.0738255033557047,
      0.0,
      0.0
    ],
    [
      0.052000000000000005,
      0.036000000000000004,
      0.044,
      0.08389261744966443,
      0.0,
      0.0
    ],
    [
      0.06799999999999999,
      0.030000000000000006,
      0.05800000000000001,
      0.11409395973154363,
      0.0,
      0.0
    ],
    [
      0.07400000000000001,
      0.05800000000000001,
      0.046000000000000006,
      0.08389261744966442,
      0.0,
      0.0
    ],
    [
      0.10400000000000001,
      0.04,
      0.034,
      0.04697986577181208,
      0.0,
      0.0
    ],
    [
      0.236,
      0.054000000000000006,
      0.038,
      0.026845637583892617,
      0.0,
      0.0
    ],
    [
      0.14600000000000002,
      0.092,
      0.06799999999999999,
      0.030201342281879193,
      0.0,
      0.0
    ],
    [
      0.11000000000000001,
      0.09,
      0.06599999999999999,
      0.04697986577181208,
      0.0,
      0.0
    ],
    [
      0.09999999999999999,
      0.10400000000000001,
      0.21600000000000003,
      0.5302013422818792,
      0.0,
      0.0
    ],
    [
      0.10200000000000001,
      0.078,
      0.21999999999999997,
      0.5704697986577181,
      0.0,
      0.0
    ]
  ],
  "nonlinear_probe_accuracy": [
    [
      0.0,
      0.0,
      0.0,
      0.0,
      0.0,
      0.0
    ],
    [
      0.0,
      0.0,
      0.0,
      0.0,
      0.0,
      0.0
    ],
    [
      0.0,
      0.0,
      0.0,
      0.0,
      0.0,
      0.0
    ],
    [
      0.0,
      0.0,
      0.0,
      0.0,
      0.0,
      0.0
    ],
    [
      0.0,
      0.0,
      0.0,
      0.0,
      0.0,
      0.0
    ],
    [
      0.0,
      0.0,
      0.0,
      0.0,
      0.0,
      0.0
    ],
    [
      0.0,
      0.0,
      0.0,
      0.0,
      0.0,
      0.0
    ],
    [
      0.0,
      0.0,
      0.0,
      0.0,
      0.0,
      0.0
    ],
    [
      0.0,
      0.0,
      0.0,
      0.0,
      0.0,
      0.0
    ],
    [
      0.0,
      0.0,
      0.0,
      0.0,
      0.0,
      0.0
    ],
    [
      0.0,
      0.0,
      0.0,
      0.0,
      0.0,
      0.0
    ],
    [
      0.0,
      0.0,
      0.0,
      0.0,
      0.0,
      0.0
    ],
    [
      0.0,
      0.0,
      0.0,
      0.0,
      0.0,
      0.0
    ]
  ],
  "permutation_p_values": [
    [
      1.0,
      1.0,
      1.0,
      1.0,
      1.0,
      1.0
    ],
    [
      1.0,
      1.0,
      1.0,
      1.0,
      1.0,
      1.0
    ],
    [
      1.0,
      1.0,
      1.0,
      1.0,
      1.0,
      1.0
    ],
    [
      1.0,
      1.0,
      1.0,
      1.0,
      1.0,
      1.0
    ],
    [
      1.0,
      1.0,
      1.0,
      1.0,
      1.0,
      1.0
    ],
    [
      1.0,
      1.0,
      1.0,
      1.0,
      1.0,
      1.0
    ],
    [
      1.0,
      1.0,
      1.0,
      1.0,
      1.0,
      1.0
    ],
    [
      1.0,
      1.0,
      1.0,
      1.0,
      1.0,
      1.0
    ],
    [
      1.0,
      1.0,
      1.0,
      1.0,
      1.0,
      1.0
    ],
    [
      1.0,
      1.0,
      1.0,
      1.0,
      1.0,
      1.0
    ],
    [
      1.0,
      1.0,
      1.0,
      1.0,
      1.0,
      1.0
    ],
    [
      1.0,
      1.0,
      1.0,
      1.0,
      1.0,
      1.0
    ],
    [
      1.0,
      1.0,
      1.0,
      1.0,
      1.0,
      1.0
    ]
  ],
  "significant_cells": [
    [
      false,
      false,
      false,
      false,
      false,
      false
    ],
    [
      false,
      false,
      false,
      false,
      false,
      false
    ],
    [
      false,
      false,
      false,
      false,
      false,
      false
    ],
    [
      false,
      false,
      false,
      false,
      false,
      false
    ],
    [
      false,
      false,
      false,
      false,
      false,
      false
    ],
    [
      false,
      false,
      false,
      false,
      false,
      false
    ],
    [
      false,
      false,
      false,
      false,
      false,
      false
    ],
    [
      false,
      false,
      false,
      false,
      false,
      false
    ],
    [
      false,
      false,
      false,
      false,
      false,
      false
    ],
    [
      false,
      false,
      false,
      false,
      false,
      false
    ],
    [
      false,
      false,
      false,
      false,
      false,
      false
    ],
    [
      false,
      false,
      false,
      false,
      false,
      false
    ],
    [
      false,
      false,
      false,
      false,
      false,
      false
    ]
  ],
  "peak_layer": 12,
  "peak_position": 3,
  "peak_accuracy": 0.5705,
  "nonlinear_peak_layer": 0,
  "nonlinear_peak_position": 0,
  "nonlinear_peak_accuracy": 0.0,
  "nonlinear_advantage_cells": 0,
  "diagonal_pattern": true,
  "diagonal_peak_layers": [
    8,
    11,
    12,
    12
  ],
  "n_samples_per_position": {
    "0": 500,
    "1": 500,
    "2": 500,
    "3": 298,
    "4": 81,
    "5": 12
  },
  "n_significant_cells": 0,
  "total_cells": 78,
  "selectivity": [
    [
      0.0,
      0.0,
      0.0,
      0.0,
      0.0,
      0.0
    ],
    [
      0.0,
      0.0,
      0.0,
      0.0,
      0.0,
      0.0
    ],
    [
      0.0,
      0.0,
      0.0,
      0.0,
      0.0,
      0.0
    ],
    [
      0.0,
      0.0,
      0.0,
      0.0,
      0.0,
      0.0
    ],
    [
      0.0,
      0.0,
      0.0,
      0.0,
      0.0,
      0.0
    ],
    [
      0.0,
      0.0,
      0.0,
      0.0,
      0.0,
      0.0
    ],
    [
      0.0,
      0.0,
      0.0,
      0.0,
      0.0,
      0.0
    ],
    [
      0.0,
      0.0,
      0.0,
      0.0,
      0.0,
      0.0
    ],
    [
      0.0,
      0.0,
      0.0,
      0.0,
      0.0,
      0.0
    ],
    [
      0.0,
      0.0,
      0.0,
      0.0,
      0.0,
      0.0
    ],
    [
      0.0,
      0.0,
      0.0,
      0.0,
      0.0,
      0.0
    ],
    [
      0.0,
      0.0,
      0.0,
      0.0,
      0.0,
      0.0
    ],
    [
      0.0,
      0.0,
      0.0,
      0.0,
      0.0,
      0.0
    ]
  ],
  "mean_selectivity": 0.0,
  "max_cross_position_acc": 0.0,
  "cross_leakage_front_to_back": 0.0,