{
  "phase": 5,
  "phase_name": "preregistered_analysis",
  "status": "passed",
  "timestamp": "2026-02-04T11:36:41.126375+00:00",
  "inputs_sha256": {
    "experiments/run_analysis.py": "108091b7c8598bc9a2be68e0b580c46d217408e49cc4e573d93fec97d2b0b51c",
    "experiments/results/primary/signal_detection_20260203_074411_judged.json": "cf4c5e99dc53ad00eb45004f573c8f806164588cb3ce06dd1d0944e79a52634d"
  },
  "outputs_sha256": {
    "experiments/results/analysis/preregistered_analysis.json": "2dac4abdf627255f454ebcaa610f998b600a2a8ab55fe887b8c0291f8a320c84"
  },
  "seed": 42,
  "metrics": {
    "h1_p_value": 0.01123046875,
    "h1_significant": true,
    "h1_n_positive": 11,
    "h1_n_total": 13,
    "friction_mean": 20.454545454545453,
    "friction_median": 5.000000000000004,
    "friction_ci_lower": 0.9090909090909096,
    "friction_ci_upper": 39.09090909090909,
    "pct_zero_friction": 40.909090909090914,
    "pct_severe_friction": 31.818181818181817,
    "h2_confirmed": true,
    "reproducibility_verified": true
  }
}