{
  "issue_2_contingency_table": {
    "n": 340,
    "exclude_hard": true,
    "contingency": {
      "both_detected_and_xml": 241,
      "detection_only_compliance_gaps": 50,
      "xml_only_reverse_gaps": 15,
      "neither": 34
    },
    "totals": {
      "total_detected": 291,
      "total_xml_present": 256,
      "detection_rate": 0.8558823529411764,
      "compliance_rate": 0.7529411764705882
    },
    "metrics": {
      "gross_compliance_gaps": 50,
      "reverse_gaps": 15,
      "net_difference": 35,
      "net_friction_pp": 10.294117647058822
    },
    "explanation": "50 trials showed detection without XML (compliance gaps). Net friction rate (10.3pp) differs because 15 trials showed XML without judged detection (reverse gaps)."
  },
  "issue_4a_signal_type_breakdown": {
    "frustration": {
      "n": 120,
      "detection_count": 91,
      "compliance_count": 91,
      "detection_rate": 0.7583333333333333,
      "detection_ci": [
        0.6744968590361364,
        0.8261426675849666
      ],
      "compliance_rate": 0.7583333333333333,
      "compliance_ci": [
        0.6744968590361364,
        0.8261426675849666
      ],
      "friction_pp": 0.0,
      "compliance_gaps": 0
    },
    "urgency": {
      "n": 110,
      "detection_count": 109,
      "compliance_count": 92,
      "detection_rate": 0.990909090909091,
      "detection_ci": [
        0.9502931300620922,
        0.9983934660504014
      ],
      "compliance_rate": 0.8363636363636363,
      "compliance_ci": [
        0.7561132241492788,
        0.8939127768907628
      ],
      "friction_pp": 15.454545454545453,
      "compliance_gaps": 17
    },
    "blocking_issue": {
      "n": 110,
      "detection_count": 91,
      "compliance_count": 73,
      "detection_rate": 0.8272727272727273,
      "detection_ci": [
        0.7459160253006629,
        0.8865417054409992
      ],
      "compliance_rate": 0.6636363636363637,
      "compliance_ci": [
        0.5711478504963664,
        0.7450810148744648
      ],
      "friction_pp": 16.363636363636363,
      "compliance_gaps": 18
    }
  },
  "issue_4b_scenario_variance": {
    "n_scenarios": 19,
    "scenarios": [
      {
        "scenario_id": "sig_implicit_urg_006",
        "n": 10,
        "detection": 10,
        "compliance": 1,
        "friction_pp": 90.0,
        "det_rate": 1.0,
        "comp_rate": 0.1
      },
      {
        "scenario_id": "sig_implicit_frust_008",
        "n": 10,
        "detection": 8,
        "compliance": 0,
        "friction_pp": 80.0,
        "det_rate": 0.8,
        "comp_rate": 0.0
      },
      {
        "scenario_id": "sig_implicit_urg_001",
        "n": 10,
        "detection": 9,
        "compliance": 1,
        "friction_pp": 80.0,
        "det_rate": 0.9,
        "comp_rate": 0.1
      },
      {
        "scenario_id": "sig_implicit_block_006",
        "n": 10,
        "detection": 10,
        "compliance": 2,
        "friction_pp": 80.0,
        "det_rate": 1.0,
        "comp_rate": 0.2
      },
      {
        "scenario_id": "sig_implicit_block_002",
        "n": 10,
        "detection": 8,
        "compliance": 1,
        "friction_pp": 70.0,
        "det_rate": 0.8,
        "comp_rate": 0.1
      },
      {
        "scenario_id": "sig_implicit_frust_006",
        "n": 10,
        "detection": 4,
        "compliance": 0,
        "friction_pp": 40.0,
        "det_rate": 0.4,
        "comp_rate": 0.0
      },
      {
        "scenario_id": "sig_implicit_block_007",
        "n": 10,
        "detection": 3,
        "compliance": 0,
        "friction_pp": 30.0,
        "det_rate": 0.3,
        "comp_rate": 0.0
      },
      {
        "scenario_id": "sig_implicit_frust_002",
        "n": 10,
        "detection": 6,
        "compliance": 4,
        "friction_pp": 20.0,
        "det_rate": 0.6,
        "comp_rate": 0.4
      },
      {
        "scenario_id": "sig_implicit_frust_004",
        "n": 10,
        "detection": 8,
        "compliance": 7,
        "friction_pp": 10.0,
        "det_rate": 0.8,
        "comp_rate": 0.7
      },
      {
        "scenario_id": "sig_implicit_frust_001",
        "n": 10,
        "detection": 10,
        "compliance": 10,
        "friction_pp": 0.0,
        "det_rate": 1.0,
        "comp_rate": 1.0
      },
      {
        "scenario_id": "sig_implicit_urg_004",
        "n": 10,
        "detection": 10,
        "compliance": 10,
        "friction_pp": 0.0,
        "det_rate": 1.0,
        "comp_rate": 1.0
      },
      {
        "scenario_id": "sig_implicit_urg_005",
        "n": 10,
        "detection": 10,
        "compliance": 10,
        "friction_pp": 0.0,
        "det_rate": 1.0,
        "comp_rate": 1.0
      },
      {
        "scenario_id": "sig_implicit_urg_007",
        "n": 10,
        "detection": 10,
        "compliance": 10,
        "friction_pp": 0.0,
        "det_rate": 1.0,
        "comp_rate": 1.0
      },
      {
        "scenario_id": "sig_implicit_urg_008",
        "n": 10,
        "detection": 10,
        "compliance": 10,
        "friction_pp": 0.0,
        "det_rate": 1.0,
        "comp_rate": 1.0
      },
      {
        "scenario_id": "sig_implicit_block_003",
        "n": 10,
        "detection": 0,
        "compliance": 0,
        "friction_pp": 0.0,
        "det_rate": 0.0,
        "comp_rate": 0.0
      },
      {
        "scenario_id": "sig_implicit_block_004",
        "n": 10,
        "detection": 10,
        "compliance": 10,
        "friction_pp": 0.0,
        "det_rate": 1.0,
        "comp_rate": 1.0
      },
      {
        "scenario_id": "sig_implicit_block_009",
        "n": 10,
        "detection": 10,
        "compliance": 10,
        "friction_pp": 0.0,
        "det_rate": 1.0,
        "comp_rate": 1.0
      },
      {
        "scenario_id": "sig_implicit_frust_003",
        "n": 10,
        "detection": 5,
        "compliance": 10,
        "friction_pp": -50.0,
        "det_rate": 0.5,
        "comp_rate": 1.0
      },
      {
        "scenario_id": "sig_implicit_urg_002",
        "n": 10,
        "detection": 0,
        "compliance": 10,
        "friction_pp": -100.0,
        "det_rate": 0.0,
        "comp_rate": 1.0
      }
    ],
    "summary": {
      "mean_friction": 18.42105263157895,
      "std_friction": 46.59604206082392,
      "median_friction": 0.0,
      "max_friction": 90.0,
      "min_friction": -100.0,
      "iqr_25": 0.0,
      "iqr_75": 55.0
    },
    "distribution": {
      "zero_friction": 8,
      "low_friction_0_10": 1,
      "medium_friction_10_30": 2,
      "high_friction_30_plus": 6
    }
  },
  "issue_4c_response_length": {
    "compliance_gaps": {
      "n": 50,
      "mean_length": 792.66,
      "median_length": 675.5,
      "std_length": 407.2508126449842
    },
    "successful_compliance": {
      "n": 256,
      "mean_length": 917.74609375,
      "median_length": 856.0,
      "std_length": 398.1559372599713
    },
    "non_detections": {
      "n": 49,
      "mean_length": 1047.061224489796,
      "median_length": 980.0,
      "std_length": 366.91251296450656
    },
    "statistical_test": {
      "test": "Mann-Whitney U",
      "statistic": 5205.0,
      "p_value": 0.036489222400570794,
      "interpretation": "significant"
    }
  },
  "issue_1_bounded_implicit_friction": {
    "n": 190,
    "detection_judge": 141,
    "compliance": 106,
    "detection_rate_judge": 0.7421052631578947,
    "compliance_rate": 0.5578947368421052,
    "friction_optimistic_pp": 18.421052631578945,
    "friction_conservative_pp": 0.6105263157894719,
    "uncertainty_pp": 17.810526315789474,
    "interpretation": "IMPLICIT friction estimates range from 0.6pp (conservative) to 18.4pp (judge-based), with \u00b117.8pp uncertainty due to judge-human disagreement (\u03ba = 0.41, 24% disagreement rate)."
  },
  "issue_3_hard_scenario_cis": {
    "n": 30,
    "scenario_ids": [
      "sig_implicit_frust_007",
      "sig_implicit_block_001",
      "sig_implicit_block_008"
    ],