{
  "nl_only": {
    "n": 16,
    "correct": 8,
    "rate": 0.5,
    "ci_lower": 0.2799956361032601,
    "ci_upper": 0.7200043638967399
  },
  "json_only": {
    "n": 16,
    "correct": 8,
    "rate": 0.5,
    "ci_lower": 0.2799956361032601,
    "ci_upper": 0.7200043638967399
  }
}