{
  "nl_only": {
    "n": 40,
    "correct": 39,
    "rate": 0.975,
    "ci_lower": 0.8711863103652591,
    "ci_upper": 0.9955731684973186
  },
  "json_only": {
    "n": 40,
    "correct": 28,
    "rate": 0.7,
    "ci_lower": 0.5456998118185505,
    "ci_upper": 0.8192515477025348
  }
}