{
  "linear_probe_accuracy": [
    [
      0.086,
      0.08600000000000001,
      0.186,
      0.5536912751677852,
      0.0,
      0.0
    ],
    [
      0.08800000000000001,
      0.08800000000000001,
      0.16,
      0.5469798657718121,
      0.0,
      0.0
    ],
    [
      0.088,
      0.08,
      0.184,
      0.4899328859060403,
      0.0,
      0.0
    ],
    [
      0.08,
      0.072,
      0.146,
      0.4664429530201342,
      0.0,
      0.0
    ],
    [
      0.09,
      0.06000000000000001,
      0.144,
      0.4597315436241611,
      0.0,
      0.0
    ],
    [
      0.076,
      0.074,
      0.13999999999999999,
      0.42953020134228187,
      0.0,
      0.0
    ],
    [
      0.098,
      0.057999999999999996,
      0.138,
      0.3959731543624161,
      0.0,
      0.0
    ],
    [
      0.07200000000000001,
      0.06400000000000002,
      0.122,
      0.37919463087248323,
      0.0,
      0.0
    ],
    [
      0.13,
      0.06599999999999999,
      0.13,
      0.25838926174496646,
      0.0,
      0.0
    ],
    [
      0.09000000000000001,
      0.076,
      0.118,
      0.2785234899328859,
      0.0,
      0.0
    ],
    [
      0.05800000000000001,
      0.094,
      0.14,
      0.32885906040268453,
      0.0,
      0.0
    ],
    [
      0.076,
      0.09400000000000001,
      0.17400000000000002,
      0.5268456375838926,
      0.0,
      0.0
    ],
    [
      0.054000000000000006,
      0.1,
      0.19,
      0.5503355704697986,
      0.0,
      0.0
    ]
  ],
  "nonlinear_probe_accuracy": [
    [
      0.0,
      0.0,
      0.0,
      0.0,
      0.0,
      0.0
    ],
    [
      0.0,
      0.0,
      0.0,
      0.0,
      0.0,
      0.0
    ],
    [
      0.0,
      0.0,
      0.0,
      0.0,
      0.0,
      0.0
    ],
    [
      0.0,
      0.0,
      0.0,
      0.0,
      0.0,
      0.0
    ],
    [
      0.0,
      0.0,
      0.0,
      0.0,
      0.0,
      0.0
    ],
    [
      0.0,
      0.0,
      0.0,
      0.0,
      0.0,
      0.0
    ],
    [
      0.0,
      0.0,
      0.0,
      0.0,
      0.0,
      0.0
    ],
    [
      0.0,
      0.0,
      0.0,
      0.0,
      0.0,
      0.0
    ],
    [
      0.0,
      0.0,
      0.0,
      0.0,
      0.0,
      0.0
    ],
    [
      0.0,
      0.0,
      0.0,
      0.0,
      0.0,
      0.0
    ],
    [
      0.0,
      0.0,
      0.0,
      0.0,
      0.0,
      0.0
    ],
    [
      0.0,
      0.0,
      0.0,
      0.0,
      0.0,
      0.0
    ],
    [
      0.0,
      0.0,
      0.0,
      0.0,
      0.0,
      0.0
    ]
  ],
  "permutation_p_values": [
    [
      1.0,
      1.0,
      1.0,
      1.0,
      1.0,
      1.0
    ],
    [
      1.0,
      1.0,
      1.0,
      1.0,
      1.0,
      1.0
    ],
    [
      1.0,
      1.0,
      1.0,
      1.0,
      1.0,
      1.0
    ],
    [
      1.0,
      1.0,
      1.0,
      1.0,
      1.0,
      1.0
    ],
    [
      1.0,
      1.0,
      1.0,
      1.0,
      1.0,
      1.0
    ],
    [
      1.0,
      1.0,
      1.0,
      1.0,
      1.0,
      1.0
    ],
    [
      1.0,
      1.0,
      1.0,
      1.0,
      1.0,
      1.0
    ],
    [
      1.0,
      1.0,
      1.0,
      1.0,
      1.0,
      1.0
    ],
    [
      1.0,
      1.0,
      1.0,
      1.0,
      1.0,
      1.0
    ],
    [
      1.0,
      1.0,
      1.0,
      1.0,
      1.0,
      1.0
    ],
    [
      1.0,
      1.0,
      1.0,
      1.0,
      1.0,
      1.0
    ],
    [
      1.0,
      1.0,
      1.0,
      1.0,
      1.0,
      1.0
    ],
    [
      1.0,
      1.0,
      1.0,
      1.0,
      1.0,
      1.0
    ]
  ],
  "significant_cells": [
    [
      false,
      false,
      false,
      false,
      false,
      false
    ],
    [
      false,
      false,
      false,
      false,
      false,
      false
    ],
    [
      false,
      false,
      false,
      false,
      false,
      false
    ],
    [
      false,
      false,
      false,
      false,
      false,
      false
    ],
    [
      false,
      false,
      false,
      false,
      false,
      false
    ],
    [
      false,
      false,
      false,
      false,
      false,
      false
    ],
    [
      false,
      false,
      false,
      false,
      false,
      false
    ],
    [
      false,
      false,
      false,
      false,
      false,
      false
    ],
    [
      false,
      false,
      false,
      false,
      false,
      false
    ],
    [
      false,
      false,
      false,
      false,
      false,
      false
    ],
    [
      false,
      false,
      false,
      false,
      false,
      false
    ],
    [
      false,
      false,
      false,
      false,
      false,
      false
    ],
    [
      false,
      false,
      false,
      false,
      false,
      false
    ]
  ],
  "peak_layer": 0,
  "peak_position": 3,
  "peak_accuracy": 0.5537,
  "nonlinear_peak_layer": 0,
  "nonlinear_peak_position": 0,
  "nonlinear_peak_accuracy": 0.0,
  "nonlinear_advantage_cells": 0,
  "diagonal_pattern": true,
  "diagonal_peak_layers": [
    8,
    12,
    12,
    0
  ],
  "n_samples_per_position": {
    "0": 500,
    "1": 500,
    "2": 500,
    "3": 298,
    "4": 81,
    "5": 12
  },
  "n_significant_cells": 0,
  "total_cells": 78,
  "selectivity": [
    [
      0.0,
      0.0,
      0.0,
      0.0,
      0.0,
      0.0
    ],
    [
      0.0,
      0.0,
      0.0,
      0.0,
      0.0,
      0.0
    ],
    [
      0.0,
      0.0,
      0.0,
      0.0,
      0.0,
      0.0
    ],
    [
      0.0,
      0.0,
      0.0,
      0.0,
      0.0,
      0.0
    ],
    [
      0.0,
      0.0,
      0.0,
      0.0,
      0.0,
      0.0
    ],
    [
      0.0,
      0.0,
      0.0,
      0.0,
      0.0,
      0.0
    ],
    [
      0.0,
      0.0,
      0.0,
      0.0,
      0.0,
      0.0
    ],
    [
      0.0,
      0.0,
      0.0,
      0.0,
      0.0,
      0.0
    ],
    [
      0.0,
      0.0,
      0.0,
      0.0,
      0.0,
      0.0
    ],
    [
      0.0,
      0.0,
      0.0,
      0.0,
      0.0,
      0.0
    ],
    [
      0.0,
      0.0,
      0.0,
      0.0,
      0.0,
      0.0
    ],
    [
      0.0,
      0.0,
      0.0,
      0.0,
      0.0,
      0.0
    ],
    [
      0.0,
      0.0,
      0.0,
      0.0,
      0.0,
      0.0
    ]
  ],
  "mean_selectivity": 0.0,
  "max_cross_position_acc": 0.0,
  "cross_leakage_front_to_back": 0.0,
  "input_position_probe_acc": [
    [
      0.042,
      0.014000000000000002,
      0.028000000000000004,
      0.020134228187919462,
      0.0,
      0.0
    ],
    [
      0.042,
      0.018000000000000002,
      0.027999999999999997,
      0.023489932885906038,
      0.0,
      0.0
    ],
    [
      0.04,
      0.022,
      0.03,
      0.013422818791946308,
      0.0,
      0.0
    ],
    [
      0.046,
      0.03,
      0.02,
      0.020134228187919462,
      0.0,
      0.0
    ],
    [
      0.042,
      0.042,
      0.032,
      0.02348993288590604,
      0.0,
      0.0
    ],
    [
      0.044000000000000004,
      0.04,
      0.028000000000000004,
      0.013422818791946308,
      0.0,
      0.0
    ],
    [
      0.046,
      0.04,
      0.026000000000000002,
      0.013422818791946308,
      0.0,
      0.0
    ],
    [
      0.05,
      0.04,
      0.028000000000000004,
      0.016778523489932886,
      0.0,
      0.0
    ],
    [
      0.041999999999999996,
      0.030000000000000006,
      0.032,
      0.010067114093959731,
      0.0,
      0.0
    ],
    [
      0.046,
      0.022,
      0.024,
      0.010067114093959731,
      0.0,
      0.0
    ],
    [
      0.044000000000000004,
      0.034,
      0.038,
      0.003355704697986577,
      0.0,
      0.0
    ],
    [
      0.044000000000000004,
      0.038,
      0.034,
      0.013422818791946308,
      0.0,
      0.0
    ],
    [
      0.036000000000000004,
      0.028000000000000004,
      0.026000000000000002,
      0.013422818791946308,
      0.0,
      0.0
    ]
  ],