{
  "linear_probe_accuracy": [
    [
      0.044,
      0.034,
      0.04000000000000001,
      0.03691275167785235,
      0.0,
      0.0
    ],
    [
      0.039999999999999994,
      0.014000000000000002,
      0.039999999999999994,
      0.06375838926174497,
      0.0,
      0.0
    ],
    [
      0.041999999999999996,
      0.022,
      0.05600000000000001,
      0.0738255033557047,
      0.0,
      0.0
    ],
    [
      0.033999999999999996,
      0.033999999999999996,
      0.048,
      0.06711409395973154,
      0.0,
      0.0
    ],
    [
      0.062,
      0.034,
      0.046000000000000006,
      0.09060402684563758,
      0.0,
      0.0
    ],
    [
      0.06,
      0.044,
      0.05600000000000001,
      0.03355704697986577,
      0.0,
      0.0
    ],
    [
      0.1,
      0.042,
      0.07,
      0.02348993288590604,
      0.0,
      0.0
    ],
    [
      0.122,
      0.028000000000000004,
      0.038,
      0.0436241610738255,
      0.0,
      0.0
    ],
    [
      0.21800000000000003,
      0.1,
      0.05,
      0.016778523489932886,
      0.0,
      0.0
    ],
    [
      0.152,
      0.06799999999999999,
      0.072,
      0.04697986577181208,
      0.0,
      0.0
    ],
    [
      0.134,
      0.094,
      0.126,
      0.087248322147651,
      0.0,
      0.0
    ],
    [
      0.11400000000000002,
      0.06000000000000001,
      0.16,
      0.28859060402684567,
      0.0,
      0.0
    ],
    [
      0.094,
      0.08,
      0.182,
      0.2919463087248322,
      0.0,
      0.0
    ]
  ],
  "permutation_p_values": [
    [
      0.12993503248375812,
      0.2623688155922039,
      0.13493253373313344,
      0.1904047976011994,
      1.0,
      1.0
    ],
    [
      0.272863568215892,
      0.7381309345327336,
      0.2638680659670165,
      0.06046976511744128,
      1.0,
      1.0
    ],
    [
      0.12443778110944528,
      0.4927536231884058,
      0.047976011994003,
      0.01649175412293853,
      1.0,
      1.0
    ],
    [
      0.27436281859070466,
      0.26636681659170414,
      0.11294352823588207,
      0.025487256371814093,
      1.0,
      1.0
    ],
    [
      0.01999000499750125,
      0.2733633183408296,
      0.11944027986006997,
      0.0029985007496251873,
      1.0,
      1.0
    ],
    [
      0.05347326336831584,
      0.11444277861069466,
      0.041979010494752625,
      0.19640179910044978,
      1.0,
      1.0
    ],
    [
      0.0004997501249375312,
      0.11244377811094453,
      0.017991004497751123,
      0.4447776111944028,
      1.0,
      1.0
    ],
    [
      0.0004997501249375312,
      0.49525237381309345,
      0.2698650674662669,
      0.22288855572213892,
      1.0,
      1.0
    ],
    [
      0.0004997501249375312,
      0.0009995002498750624,
      0.12343828085957022,
      0.45327336331834084,
      1.0,
      1.0
    ],
    [
      0.0004997501249375312,
      0.022988505747126436,
      0.0029985007496251873,
      0.18640679660169915,
      1.0,
      1.0
    ],
    [
      0.0004997501249375312,
      0.0004997501249375312,
      0.0004997501249375312,
      0.0024987506246876563,
      1.0,
      1.0
    ],
    [
      0.0004997501249375312,
      0.019490254872563718,
      0.0004997501249375312,
      0.0004997501249375312,
      1.0,
      1.0
    ],
    [
      0.0009995002498750624,
      0.006496751624187906,
      0.0004997501249375312,
      0.0004997501249375312,
      1.0,
      1.0
    ]
  ],
  "significant_cells": [
    {
      "layer": 6,
      "position": 0,
      "accuracy": 0.1,
      "p_value": 0.0004997501249375312
    },
    {
      "layer": 7,
      "position": 0,
      "accuracy": 0.122,
      "p_value": 0.0004997501249375312
    },
    {
      "layer": 8,
      "position": 0,
      "accuracy": 0.21800000000000003,
      "p_value": 0.0004997501249375312
    },
    {
      "layer": 9,
      "position": 0,
      "accuracy": 0.152,
      "p_value": 0.0004997501249375312
    },
    {
      "layer": 10,
      "position": 0,
      "accuracy": 0.134,
      "p_value": 0.0004997501249375312
    },
    {
      "layer": 11,
      "position": 0,
      "accuracy": 0.11400000000000002,
      "p_value": 0.0004997501249375312
    },
    {
      "layer": 10,
      "position": 1,
      "accuracy": 0.094,
      "p_value": 0.0004997501249375312
    },
    {
      "layer": 10,
      "position": 2,
      "accuracy": 0.126,
      "p_value": 0.0004997501249375312
    },
    {
      "layer": 11,
      "position": 2,
      "accuracy": 0.16,
      "p_value": 0.0004997501249375312
    },
    {
      "layer": 12,
      "position": 2,
      "accuracy": 0.182,
      "p_value": 0.0004997501249375312
    },
    {
      "layer": 11,
      "position": 3,
      "accuracy": 0.28859060402684567,
      "p_value": 0.0004997501249375312
    },
    {
      "layer": 12,
      "position": 3,
      "accuracy": 0.2919463087248322,
      "p_value": 0.0004997501249375312
    }
  ],
  "n_significant_cells": 12,
  "bonferroni_threshold": 0.000641025641025641,
  "n_samples_per_position": {
    "0": 500,
    "1": 500,
    "2": 500,
    "3": 298,
    "4": 81,
    "5": 12
  },
  "n_permutations": 2000,
  "peak_layer": 12,
  "peak_position": 3,
  "peak_accuracy": 0.2919463087248322
}