{
  "nl_only": {
    "n": 40,
    "correct": 36,
    "rate": 0.9,
    "ci_lower": 0.769482247724777,
    "ci_upper": 0.9604204713173937
  },
  "json_only": {
    "n": 40,
    "correct": 29,
    "rate": 0.725,
    "ci_lower": 0.5716504419378943,
    "ci_upper": 0.8389198375233267
  }
}